,top_100_perc,top_10_perc,rest
0,24.40006315124724,31.576187468988227,44.02374937976453
